{
    "pattern_to_intent": [
        {"pattern": "\\b(my name is|I am|I'm|call me)\\b",
         "intent": "user_name"},
        {"pattern": "\\b(i want|recommend|recommendation|what can i play|what to play|suggest a game|suggestion|recommendation|recommend a|looking for|recommendations|suggestions|suggest)\\b",
         "intent": "recommend"},
        {"pattern": "\\b(i like|I love|i prefer|I enjoy|I'm a fan of|big fan of|huge fan|really like|im into|into|I'm into|I'm interested in|I'm interested|I'm passionate about|I'm passionate|I'm fond of|I'm fond|I'm keen on|I'm keen|I'm crazy about|I'm crazy|I'm mad about|I'm mad|I'm wild about|I'm wild|I'm nuts about|I'm nuts|I'm obsessed with|I'm obsessed|I'm addicted to|I'm addicted|I'm hooked on|I'm hooked|I'm a sucker for|I'm a sucker|i love|i play|i enjoy playing|i like playing|i'm a fan of playing|i'm a big fan of playing|i'm a huge fan of playing|i'm a fan of|I'm a big fan of|I'm a huge fan)\\b",
         "intent": "details"},
        {"pattern": "\\b(tell me more|more info|more information|more details|details|tell me about|what is|what are|what's|what's the deal|what's the scoop|what's the story|what's the lowdown|what's the skinny|what's the 411|what's the info|what's the information|what's the details|what's the deal with|what's the scoop on|what's the story on|what's the lowdown on|what's the skinny on|what's the 411 on|what's the info on|what's the information on|what's the details on)\\b",
         "intent": "info"},
        {"pattern": "\\b(hello|hi|howdy|what's up|hey|hiya|sup|hey there|good morning|good afternoon|good evening|how are you|what's good|what's happening|how's it going|salutations|hiya pal|morning|evening|hi there)\\b",
        "intent": "greeting"},
        {"pattern": "\\b(yes|mhm|yeah|yep|sure|ok|okay|alright|affirmative|correct|right|indeed)\\b",
         "intent": "positive"},
        {"pattern": "\\b(no|nope|nah|negative|incorrect|wrong|not true|not correct)\\b",
         "intent": "negative"},
        {"pattern": "\\b(skip|next|move on|carry on|more)\\b",
        "intent": "next"},
        {"pattern": "\\b(goodbye|bye|farewell|see you later|see ya|later|talk to you later|adios|ciao|so long|peace out|take care|bye bye|goodnight)\\b",
         "intent": "goodbye"}
    ],
    "intent_to_response": {
        "greeting": ["Hello!", "Hi!", "Hey!"],
        "positive": ["Great!", "Awesome!", "Fantastic!"],
        "negative": ["I'm sorry to hear that.", "That's too bad.", "I hope things get better."],
        "goodbye": ["Goodbye!", "Bye!", "See you later!"],
        "user_name": ["Nice to meet you!", "Hello, {user_name}!", "Hi, {user_name}!"],
        "recommend": ["What do you think of {name}? ", "How about {name}?", "I recommend {name}. What do you think?"]
    },
    "intent_to_action": {
        "user_name": "remember_name",
        "recommend": "recommend_game",
        "keywords": "remember_keywords",
        "details": "remember_details",
        "goodbye": "end_interaction"
    },
    "pattern_to_platform": [
        {"pattern": "\\b(android|google|samsung|huawei|play store|xiaomi)\\b",
        "id": 34, "intent": "Android"},
        {"pattern": "\\b(sega|dreamcast)\\b",
        "id": 23, "intent": "Dreamcast"},
        {"pattern": "\\b(gameboy|game boy|game-boy|gb)\\b",
        "id": 22, "intent": "Game Boy"},
        {"pattern": "\\b(gameboy advance|game boy advance|gba|gb advance|advance gameboy)\\b",
        "id": 33, "intent": "Game Boy Advance"},
        {"pattern": "\\b(gameboy color|gameboy colour|game boy color|gameboy colour|game-boy color|game-boy colour|gbc)\\b",
        "id": 20, "intent": "Game Boy Color"},
        {"pattern": "\\b(iphone|apple|app store)\\b",
        "id": 39, "intent": "iOS"},
        {"pattern": "\\b(linux|ubuntu|fedora|debian)\\b",
        "id": 3, "intent": "Linux"},
        {"pattern": "\\b(nintendo 64|n64|nintendo sixty four|nintendo sixty-four|nintendo64)\\b",
        "id": 4, "intent": "Nintendo 64"},
        {"pattern": "\\b(3ds|3d ds|ds 3|ds3|nintendo 3d|nintendo 3d ds)\\b",
        "id": 37, "intent": "Nintendo 3DS"},
        {"pattern": "\\b(switch|nintendo switch lite|nintendo switch|nintendo switch pro|nintendo switch|joycon)\\b",
        "id": 130, "intent": "Nintendo Switch"},
        {"pattern": "\\b(snes|super nintendo|super nes|nintendo super|super nintendo entertainment system|nes 2)\\b",
        "id": 19, "intent": "Super Nintendo Entertainment System"},
        {"pattern": "\\b(ps2|playstation 2|ps two|playstation two|play station 2|play station two)\\b",
        "id": 8, "intent": "PlayStation 2"},
        {"pattern": "\\b(ps3|playstation 3|ps three|playstation three|play station 3|play station three)\\b",
        "id": 9, "intent": "PlayStation 3"},
        {"pattern": "\\b(ps4|playstation 4|ps four|playstation four|play station 4|play station four)\\b",
        "id": 48, "intent": "PlayStation 4"},
        {"pattern": "\\b(ps5|playstation 5|ps five|playstation five|play station 5|play station five)\\b",
        "id": 167, "intent": "PlayStation 5"},
        {"pattern": "\\b(ps1|psx|playstation|ps|ps one|play station|play station 1|play station one)\\b",
        "id": 7, "intent": "PlayStation"},
        {"pattern": "\\b(pc|computer|steam|windows)\\b",
         "id": 6, "intent": "PC (Microsoft Windows)"},
        {"pattern": "\\b(xbox 360|xbox360|x360|x box 360|xbox three sixty|xbox three hundred and sixty)\\b",
         "id": 12, "intent": "Xbox 360"},
        {"pattern": "\\b(xbox one|xbox 1|xbone|x box one|x box 1)\\b",
         "id": 49, "intent": "Xbox One"},
        {"pattern": "\\b(series x|series s|xbox x|xbox s|xbox series|series)\\b",
         "id": 169, "intent": "Xbox Series X|S"},
         {"pattern": "\\b(xbox|original xbox|first xbox|old xbox)\\b",
         "id": 11, "intent": "Xbox"},
        {"pattern": "\\b(wii u|wiiu|nintendo wiiu|nintendo wii u)\\b",
         "id": 41, "intent": "Wii U"},
        {"pattern": "\\b(wii|nintendo wii)\\b",
         "id": 5, "intent": "Wii"}
    ],
    "pattern_to_genre": [
        {"pattern":"\\b(jumping|jump|run|running|platformer|platform|platforming|platformers|platform game|platform games|jumping game|jumping games)\\b",
        "id": 8, "intent": "Platform"},
        {"pattern":"\\b(racing|driving|drive|race|races|racer|racing game|racing games)\\b",
        "id": 10, "intent": "Racing"},
        {"pattern":"\\b(point and click|point|click|point-and-click|point and click game|point and click games|pointer|clicker|clicking)\\b",
        "id": 2, "intent": "Point-and-click"},
        {"pattern":"\\b(fighter|fighting|fighters|fight|fight game|fight games)\\b",
        "id": 4, "intent": "Fighting"},
        {"pattern":"\\b(shooting|shooter|shooters|gun|fps|first person shooter|first person shooters|third person shooter|third person shooters|shooting game|shooting games)\\b",
        "id": 5, "intent": "Shooter"},
        {"pattern":"\\b(music based|music-based|musical|rhythm|rhythm game|rhythm games|music game|music games|rhythm based|rhythm-based)\\b",
        "id": 7, "intent": "Music"},
        {"pattern":"\\b(puzzle|puzzles|puzzle game|puzzle games|puzzler|puzzlers|puzzling|puzzle-based|puzzle based)\\b",
        "id": 9, "intent": "Puzzle"},
        {"pattern":"\\b(rts|real time strategy|real-time strategy|strategy|strategy game|strategy games|strategist|strategists|strategic|strategical|real time|real-time)\\b",
        "id": 11, "intent": "Real Time Strategy (RTS)"},
        {"pattern":"\\b(rpg|role playing|role-playing|role playing game|role-playing game|role playing games|role-playing games|roleplay|role play)\\b",
        "id": 12, "intent": "Role-playing (RPG)"},
        {"pattern":"\\b(simulation|simulator|sim|simulating|simulations|simulators|sim game|sim games)\\b",
        "id": 13, "intent": "Simulator"},
        {"pattern":"\\b(sports|sporting|sport|sports game|sports games|football|soccer|basketball|baseball|tennis|golf|sports-based|sports based)\\b",
        "id": 14, "intent": "Sport"},
        {"pattern":"\\b(beat em up|beat-em-up|beat em ups|beat-em-ups|beat em up game|beat em up games|beat-em-up game|beat-em-up games|beat 'em up|beat 'em ups|beat 'em up game|beat 'em up games|beat 'em-up|beat 'em-ups|beat 'em-up game|beat 'em-up games|hack and slash|hack-and-slash|hack and slash game|hack and slash games)\\b",
        "id": 25, "intent": "Hack and slash/Beat 'em up"},
        {"pattern":"\\b(adventure|advent)\\b",
        "id": 31, "intent": "Adventure"},
        {"pattern":"\\b(indie|independent|individual|independent game|independent games|indie game|indie games)\\b",
        "id": 32, "intent": "Indie"}, 
        {"pattern":"\\b(arcade|arcades|arcade game|arcade games|arcade-based|arcade based|arcade style|arcade styles|arcade-like|arcade-like game|arcade-like games)\\b",
        "id": 33, "intent": "Arcade"},
        {"pattern":"\\b(moba|multiplayer online battle arena|multiplayer online battle arenas|multiplayer online battle arena game|multiplayer online battle arena games|arena|arenas)\\b",
        "id": 36, "intent": "MOBA"}
    ]
}